,Score,Averagescores
0,-44.15,-44.150000000000325
1,39.2,-2.4749999999989463
2,-43.15,-16.03333333333274
